[
    {
        "name":"小学",
        "contents":[
            {
                "id":"1",
                "name":"语文"
            },
            {
                "id":"2",
                "name":"数学"
            },
            {
                "id":"3",
                "name":"英语"
            },
            {
                "id":"4",
                "name":"思想品德"
            }
        ]
    },
    {
        "name":"初中",
        "contents":[
            {
                "id":"5",
                "name":"语文"
            },
            {
                "id":"6",
                "name":"数学"
            },
            {
                "id":"7",
                "name":"英语"
            },
            {
                "id":"8",
                "name":"物理"
            },
            {
                "id":"9",
                "name":"化学"
            },
            {
                "id":"10",
                "name":"生物"
            },
            {
                "id":"11",
                "name":"政治"
            },
            {
                "id":"12",
                "name":"历史"
            },
            {
                "id":"13",
                "name":"地理"
            }
        ]
    },
    {
        "name":"高中",
        "contents":[
            {
                "id":"14",
                "name":"语文"
            },
            {
                "id":"15",
                "name":"数学"
            },
            {
                "id":"16",
                "name":"英语"
            },
            {
                "id":"17",
                "name":"物理"
            },
            {
                "id":"18",
                "name":"化学"
            },
            {
                "id":"19",
                "name":"生物"
            },
            {
                "id":"20",
                "name":"政治"
            },
            {
                "id":"21",
                "name":"历史"
            },
            {
                "id":"22",
                "name":"地理"
            },
            {
                "id":"23",
                "name":"信息"
            },
            {
                "id":"24",
                "name":"文综"
            },
            {
                "id":"25",
                "name":"理综"
            }
        ]
    }
]